subject_id,project_id,workflow_id,subject_set_id,metadata,locations,classifications_count,retired_at,retirement_reason,created_at,updated_at
458021,26558,28090,125329,"{""link"":""https://www.flickr.com/photos/aigle_dore/6672150457"",""origin"":""Flickr"",""license"":""Creative Commons - share adapt attribute"",""image_name"":""6672150457_420d61007d_b.jpg"",""subject_id"":1,""attribution"":""Moyan Brenn""}","{""0"":""https://panoptes-uploads.zooniverse.org/subject_location/5346704c-aadc-4d47-890c-817e43e3b648.jpeg""}",0,,,2015-05-25 21:02:58 UTC,2015-05-25 21:02:58 UTC
458022,26558,28090,125329,"{""link"":""https://www.flickr.com/photos/aigle_dore/8300920648"",""origin"":""Flickr"",""license"":""Creative Commons - share adapt attribute"",""image_name"":""8300920648_d4a21bba59_z.jpg"",""subject_id"":2,""attribution"":""Moyan Brenn""}","{""0"":""https://panoptes-uploads.zooniverse.org/subject_location/6309ed81-6ca1-4073-ad66-2a194edefc32.jpeg""}",0,,,2015-05-25 21:02:59 UTC,2015-05-25 21:02:59 UTC
458023,26558,28090,125329,"{""link"":""https://www.flickr.com/photos/hellie55/6713782851"",""origin"":""Flickr"",""license"":""Creative Commons - share adapt attribute"",""image_name"":""6713782851_82fc8c73e5_z.jpg"",""subject_id"":3,""attribution"":""hehaden""}","{""0"":""https://panoptes-uploads.zooniverse.org/subject_location/6614aa29-6e75-4e2a-af18-d031e60bc2ec.jpeg""}",0,,,2015-05-25 21:03:01 UTC,2015-05-25 21:03:01 UTC
458024,26558,28090,125329,"{""link"":""https://www.flickr.com/photos/odoketa/8762013777"",""origin"":""Flickr"",""license"":""Creative Commons - share adapt attribute"",""image_name"":""8762013777_1fa7d91e98_z.jpg"",""subject_id"":4,""attribution"":""David Barber""}","{""0"":""https://panoptes-uploads.zooniverse.org/subject_location/25b892e7-b10f-4d06-a8cf-e6837f6aaa5d.jpeg""}",0,,,2015-05-25 21:03:02 UTC,2015-05-25 21:03:02 UTC
458025,26558,28090,125329,"{""link"":""https://www.flickr.com/photos/bevgoodwin/8556948660"",""origin"":""Flickr"",""license"":""Creative Commons - share adapt attribute"",""image_name"":""8556948660_807cb1f8db_z.jpg"",""subject_id"":5,""attribution"":""Beverley Goodwin""}","{""0"":""https://panoptes-uploads.zooniverse.org/subject_location/3f804c06-2950-431e-b9a8-ef71defbe7b7.jpeg""}",0,,,2015-05-25 21:03:03 UTC,2015-05-25 21:03:03 UTC
458026,26558,28090,125329,"{""link"":""https://www.flickr.com/photos/k23/2378810491"",""origin"":""Flickr"",""license"":""Creative Commons - share adapt attribute"",""image_name"":""2378810491_f8058ce157_z.jpg"",""subject_id"":6,""attribution"":""k23""}","{""0"":""https://panoptes-uploads.zooniverse.org/subject_location/bb9da9fc-40e8-423e-9472-9d7e9887404b.jpeg""}",0,,,2015-05-25 21:03:04 UTC,2015-05-25 21:03:04 UTC
458027,26558,28090,125329,"{""link"":""https://www.flickr.com/photos/nicolee123nd/5205217308"",""origin"":""Flickr"",""license"":""Creative Commons - share adapt attribute"",""image_name"":""5205217308_de72e18894_z.jpg"",""subject_id"":7,""attribution"":""Nicole Doherty""}","{""0"":""https://panoptes-uploads.zooniverse.org/subject_location/04994745-c713-4c10-807a-a8e115adddec.jpeg""}",0,,,2015-05-25 21:03:06 UTC,2015-05-25 21:03:06 UTC
458028,26558,28090,125329,"{""link"":""https://www.flickr.com/photos/rtv/2875838880"",""origin"":""Flickr"",""license"":""Creative Commons - share adapt attribute"",""image_name"":""2875838880_f671d848e6_z.jpg"",""subject_id"":8,""attribution"":""Robert Parviainen""}","{""0"":""https://panoptes-uploads.zooniverse.org/subject_location/0e87d970-e3e2-40ac-920d-6859a5b9289c.jpeg""}",0,,,2015-05-25 21:03:07 UTC,2015-05-25 21:03:07 UTC
458029,26558,28090,125329,"{""link"":""https://www.flickr.com/photos/armydre2008/4079875735"",""origin"":""Flickr"",""license"":""Creative Commons - share adapt attribute"",""image_name"":""4079875735_a4dc53c290_z.jpg"",""subject_id"":9,""attribution"":""frankieleon""}","{""0"":""https://panoptes-uploads.zooniverse.org/subject_location/25c1c5ae-9770-4cc1-9695-f4bc8bb68fc7.jpeg""}",0,,,2015-05-25 21:03:07 UTC,2015-05-25 21:03:07 UTC
458030,26558,28090,125329,"{""link"":""https://www.flickr.com/photos/alishav/3278443166"",""origin"":""Flickr"",""license"":""Creative Commons - share adapt attribute"",""image_name"":""3278443166_9eecc2ca0b_z.jpg"",""subject_id"":10,""attribution"":""Alisha Vargas""}","{""0"":""https://panoptes-uploads.zooniverse.org/subject_location/54c6937f-dba0-4537-a909-f37a62a20e62.jpeg""}",0,,,2015-05-25 21:03:08 UTC,2015-05-25 21:03:08 UTC
458031,26558,28090,125329,"{""link"":""https://www.flickr.com/photos/evpeters/3417958133"",""origin"":""Flickr"",""license"":""Creative Commons - share adapt attribute"",""image_name"":""3417958133_63045d7b16_z.jpg"",""subject_id"":11,""attribution"":""Edward Peters""}","{""0"":""https://panoptes-uploads.zooniverse.org/subject_location/c4954bd4-ede5-44ef-84ed-d90c9abd5ce9.jpeg""}",0,,,2015-05-25 21:03:08 UTC,2015-05-25 21:03:08 UTC
458032,26558,28090,125329,"{""link"":""https://www.flickr.com/photos/diegeekdie/4695100707"",""origin"":""Flickr"",""license"":""Creative Commons - share adapt attribute"",""image_name"":""4695100707_d2b1c3f778_z.jpg"",""subject_id"":12,""attribution"":""MagneG""}","{""0"":""https://panoptes-uploads.zooniverse.org/subject_location/ec33150f-b0bc-4542-8e07-e0f5cd9201a5.jpeg""}",0,,,2015-05-25 21:03:09 UTC,2015-05-25 21:03:09 UTC
458033,26558,28090,125329,"{""link"":""https://www.flickr.com/photos/tcys/528525480"",""origin"":""Flickr"",""license"":""Creative Commons - share adapt attribute"",""image_name"":""528525480_b84503442f_z.jpg"",""subject_id"":13,""attribution"":""asinensis""}","{""0"":""https://panoptes-uploads.zooniverse.org/subject_location/4289a2be-d24c-4452-b9a1-13ff04f7fd53.jpeg""}",0,,,2015-05-25 21:03:09 UTC,2015-05-25 21:03:09 UTC
458034,26558,28090,125329,"{""link"":""https://www.flickr.com/photos/sheepies/3269610146"",""origin"":""Flickr"",""license"":""Creative Commons - share adapt attribute"",""image_name"":""3269610146_2f541f4ac7_z.jpg"",""subject_id"":14,""attribution"":""Andreas-photography""}","{""0"":""https://panoptes-uploads.zooniverse.org/subject_location/33a5056a-94b9-418c-b8cd-6553da306306.jpeg""}",0,,,2015-05-25 21:03:10 UTC,2015-05-25 21:03:10 UTC
458035,26558,28090,125329,"{""link"":""https://www.flickr.com/photos/malfet/1413379559"",""origin"":""Flickr"",""license"":""Creative Commons - share adapt attribute"",""image_name"":""1413379559_412a540d29_z.jpg"",""subject_id"":15,""attribution"":""Nikita""}","{""0"":""https://panoptes-uploads.zooniverse.org/subject_location/1c747a23-35b8-4d56-a5a9-d3dc47fb1dc4.jpeg""}",0,,,2015-05-25 21:03:10 UTC,2015-05-25 21:03:10 UTC
458036,26558,28090,125329,"{""link"":""https://www.flickr.com/photos/davebloggs007/15899553966"",""origin"":""Flickr"",""license"":""Creative Commons - share adapt attribute"",""image_name"":""15899553966_5debf88369_z.jpg"",""subject_id"":16,""attribution"":""davebloggs007""}","{""0"":""https://panoptes-uploads.zooniverse.org/subject_location/fa0e0718-17b2-4135-b6c6-48e37c87324a.jpeg""}",0,,,2015-05-25 21:03:11 UTC,2015-05-25 21:03:11 UTC
458037,26558,28090,125329,"{""link"":""https://www.flickr.com/photos/chaukar/9806556103"",""origin"":""Flickr"",""license"":""Creative Commons - share adapt attribute"",""image_name"":""9806556103_bb21b3f223_z.jpg"",""subject_id"":17,""attribution"":""Chau kar Man""}","{""0"":""https://panoptes-uploads.zooniverse.org/subject_location/fcd04383-8455-42af-aabe-3067a5f8415a.jpeg""}",0,,,2015-05-25 21:03:12 UTC,2015-05-25 21:03:12 UTC
458038,26558,28090,125329,"{""link"":""https://www.flickr.com/photos/kretyen/2740694473"",""origin"":""Flickr"",""license"":""Creative Commons - share adapt attribute"",""image_name"":""2740694473_cfd1f8140a_z.jpg"",""subject_id"":18,""attribution"":""Ken Bosma""}","{""0"":""https://panoptes-uploads.zooniverse.org/subject_location/7464005a-9d74-4164-a0a2-290ac06ffdb1.jpeg""}",0,,,2015-05-25 21:03:12 UTC,2015-05-25 21:03:12 UTC
458039,26558,28090,125329,"{""link"":""https://www.flickr.com/photos/pustovit/15867520885"",""origin"":""Flickr"",""license"":""Creative Commons - share adapt attribute"",""image_name"":""15867520885_a7ff0ac48e_z.jpg"",""subject_id"":19,""attribution"":""Vladimir Pustovit""}","{""0"":""https://panoptes-uploads.zooniverse.org/subject_location/ba397049-9cd0-48e2-b3d4-49c21d595d42.jpeg""}",0,,,2015-05-25 21:03:13 UTC,2015-05-25 21:03:13 UTC
458040,26558,28090,125329,"{""link"":""https://www.flickr.com/photos/aigle_dore/6672148315"",""origin"":""Flickr"",""license"":""Creative Commons - share adapt attribute"",""image_name"":""6672148315_df2d723a3a_z.jpg"",""subject_id"":20,""attribution"":""Moyan Brenn""}","{""0"":""https://panoptes-uploads.zooniverse.org/subject_location/a8fbe82d-3128-42e1-8e4f-6b08b5a8842e.jpeg""}",0,,,2015-05-25 21:03:13 UTC,2015-05-25 21:03:13 UTC
458041,26558,28090,125329,"{""link"":""https://www.flickr.com/photos/pagedooley/10225182346"",""origin"":""Flickr"",""license"":""Creative Commons - share adapt attribute"",""image_name"":""10225182346_0d446c8a38_z.jpg"",""subject_id"":21,""attribution"":""Kevin Dooley""}","{""0"":""https://panoptes-uploads.zooniverse.org/subject_location/915baea1-7b5f-49e1-9601-380c34ae0cab.jpeg""}",0,,,2015-05-25 21:03:14 UTC,2015-05-25 21:03:14 UTC
458042,26558,28090,125329,"{""link"":""https://www.flickr.com/photos/niceimages/9835794446"",""origin"":""Flickr"",""license"":""Creative Commons - share adapt attribute"",""image_name"":""9835794446_d5e6020cbd_z.jpg"",""subject_id"":22,""attribution"":""drpavloff""}","{""0"":""https://panoptes-uploads.zooniverse.org/subject_location/848357cc-8d3e-4903-9829-101a0d253780.jpeg""}",0,,,2015-05-25 21:03:14 UTC,2015-05-25 21:03:14 UTC
458043,26558,28090,125329,"{""link"":""https://www.flickr.com/photos/8058853@N06/1698598876"",""origin"":""Flickr"",""license"":""Creative Commons - share adapt attribute"",""image_name"":""1698598876_2eb077b419_z.jpg"",""subject_id"":23,""attribution"":""Helgi Halldorsson""}","{""0"":""https://panoptes-uploads.zooniverse.org/subject_location/27fe7942-0b98-4d4a-be7a-7f8cb538f705.jpeg""}",0,,,2015-05-25 21:03:15 UTC,2015-05-25 21:03:15 UTC
458044,26558,28090,125329,"{""link"":""https://www.flickr.com/photos/htakashi/11315834234"",""origin"":""Flickr"",""license"":""Creative Commons - share adapt attribute"",""image_name"":""11315834234_0a07f924e2_z.jpg"",""subject_id"":24,""attribution"":""Takashi Hososhima""}","{""0"":""https://panoptes-uploads.zooniverse.org/subject_location/222c33a9-05b3-416b-a67a-7faabc40f96e.jpeg""}",0,,,2015-05-25 21:03:15 UTC,2015-05-25 21:03:15 UTC
458045,26558,28090,125329,"{""link"":""https://www.flickr.com/photos/davebloggs007/11766275466"",""origin"":""Flickr"",""license"":""Creative Commons - share adapt attribute"",""image_name"":""11766275466_8c779bc32c_z.jpg"",""subject_id"":25,""attribution"":""davebloggs007""}","{""0"":""https://panoptes-uploads.zooniverse.org/subject_location/149ede82-47cf-47dd-8105-aba5bdb58a58.jpeg""}",0,,,2015-05-25 21:03:16 UTC,2015-05-25 21:03:16 UTC
458046,26558,28090,125329,"{""link"":""https://www.flickr.com/photos/cseeman/16826759250"",""origin"":""Flickr"",""license"":""Creative Commons - share adapt attribute"",""image_name"":""16826759250_fc231f35a0_z.jpg"",""subject_id"":26,""attribution"":""Corey Seeman""}","{""0"":""https://panoptes-uploads.zooniverse.org/subject_location/fdc904e8-a1b9-40d7-83a0-28d18e9cc29b.jpeg""}",0,,,2015-05-25 21:03:17 UTC,2015-05-25 21:03:17 UTC
458047,26558,28090,125329,"{""link"":""https://www.flickr.com/photos/11939863@N08/3426033125"",""origin"":""Flickr"",""license"":""Creative Commons - share adapt attribute"",""image_name"":""3426033125_455e921468_z.jpg"",""subject_id"":27,""attribution"":""Dubravko Soric""}","{""0"":""https://panoptes-uploads.zooniverse.org/subject_location/f124cf1a-dc03-44c5-b37f-d63b65df3d3b.jpeg""}",0,,,2015-05-25 21:03:18 UTC,2015-05-25 21:03:18 UTC
458048,26558,28090,125329,"{""link"":""https://www.flickr.com/photos/htakashi/5408115862"",""origin"":""Flickr"",""license"":""Creative Commons - share adapt attribute"",""image_name"":""5408115862_b80d8a0608_z.jpg"",""subject_id"":28,""attribution"":""Takashi Hososhima""}","{""0"":""https://panoptes-uploads.zooniverse.org/subject_location/3eecf251-7205-4ef3-b13f-e930c97d92de.jpeg""}",0,,,2015-05-25 21:03:19 UTC,2015-05-25 21:03:19 UTC
458049,26558,28090,125329,"{""link"":""https://www.flickr.com/photos/69214385@N04/14704713489"",""origin"":""Flickr"",""license"":""Creative Commons - share adapt attribute"",""image_name"":""14704713489_d49728abd3_z.jpg"",""subject_id"":29,""attribution"":""Don McCullough""}","{""0"":""https://panoptes-uploads.zooniverse.org/subject_location/512649e3-33d7-4811-b0f2-64703e687160.jpeg""}",0,,,2015-05-25 21:03:19 UTC,2015-05-25 21:03:19 UTC
458050,26558,28090,125329,"{""link"":""https://www.flickr.com/photos/sangatiche/275371612"",""origin"":""Flickr"",""license"":""Creative Commons - share adapt attribute"",""image_name"":""275371612_d728c1f818_z.jpg"",""subject_id"":30,""attribution"":""SanGatiche""}","{""0"":""https://panoptes-uploads.zooniverse.org/subject_location/11f98201-1c3f-44d5-965b-e00373daeb18.jpeg""}",0,,,2015-05-25 21:03:20 UTC,2015-05-25 21:03:20 UTC
